Date,rv,rv_pos,rv_neg,bpv,tq,z_ratio,is_jump,crv,cj
2007-01-31,0.021207218796231997,0.010111458038943649,0.011095760757288346,,,,False,0.021207218796231997,0.0
2007-02-28,0.007479452826012928,0.004513552753878714,0.002965900072134215,0.006401351079667588,1.3201848793541641e-06,1.631288611818201,False,0.007479452826012928,0.0
2007-03-31,0.008073027636433064,0.005942694234707679,0.002130333401725386,0.004338239677521198,7.012900559633906e-07,5.235647425001894,True,0.004338239677521198,0.0037347879589118664
2007-04-30,0.004605463025227299,0.0025721962371982824,0.002033266788029016,0.0037122696764730835,7.10840042082555e-07,2.1948915303312924,True,0.0037122696764730835,0.0008931933487542156
2007-05-31,0.005467042893944534,0.0025327677831571797,0.0029342751107873546,0.003741967807422857,4.115324504258116e-07,3.5710538892403427,True,0.003741967807422857,0.001725075086521677
2007-06-30,0.004085649679635172,0.0025581680762147953,0.001527481603420376,0.004812814583634314,9.459024306949656e-07,-2.0142467257273333,True,0.004812814583634314,0.0
2007-07-31,0.004471340111263659,0.0034543139062349288,0.0010170262050287306,0.005039911639527919,1.898049914199184e-06,-1.4390910915866513,False,0.004471340111263659,0.0
2007-08-31,0.005439020353460599,0.0017702424079364533,0.003668777945524145,0.004624610689693031,4.831070743228347e-07,1.694584058487028,False,0.005439020353460599,0.0
2007-09-30,0.003967215453186114,0.0030926355233216784,0.0008745799298644356,0.004291718888282245,8.989731899490561e-07,-0.9257088030822057,False,0.003967215453186114,0.0
2007-10-31,0.010014669460739279,0.005658964349344735,0.0043557051113945425,0.010652103950683636,3.3729863490630015e-06,-0.720343797034354,False,0.010014669460739279,0.0
2007-11-30,0.011730269327102987,0.007400213024857431,0.004330056302245556,0.011045822998822516,4.691981601638758e-06,0.6603471329749733,False,0.011730269327102987,0.0
2007-12-31,0.007558036647541628,0.005362079012831035,0.0021959576347105924,0.00668431882758883,1.6148949692194415e-06,1.3082871695447205,False,0.007558036647541628,0.0
2008-01-31,0.004881917670567905,0.0021245966801233273,0.002757320990444578,0.004407425595551233,7.31342810363461e-07,1.0999663367886547,False,0.004881917670567905,0.0
2008-02-29,0.00865629842048332,0.006153319051451091,0.002502979369032228,0.007294114213325204,2.117360650071575e-06,1.780920376736139,False,0.00865629842048332,0.0
2008-03-31,0.011202151219631876,0.005558215666046824,0.00564393555358505,0.008467706997874778,3.5884525781594643e-06,2.7625396502963384,True,0.008467706997874778,0.002734444221757098
2008-04-30,0.006823794653682009,0.004448162897423428,0.002375631756258581,0.0041636458335856975,5.669233636279133e-07,4.4118513026031465,True,0.0041636458335856975,0.0026601488200963114
2008-05-31,0.009038924239889893,0.005586501150215736,0.0034524230896741566,0.011110534676562756,4.8007759931095784e-06,-2.5937745588391463,True,0.011110534676562756,0.0
2008-06-30,0.01528919782185057,0.01163758866184558,0.0036516091600049924,0.016852405222763496,1.5194723950119522e-05,-1.1571050388662292,False,0.01528919782185057,0.0
2008-07-31,0.01407551240843421,0.005070088412606821,0.00900542399582739,0.012791470895755833,5.7513624816152715e-06,1.0324183922591192,False,0.01407551240843421,0.0
2008-08-31,0.012211444343587794,0.004061976126629534,0.008149468216958262,0.011439159999596094,3.116521013940638e-06,0.7157330610319863,False,0.012211444343587794,0.0
2008-09-30,0.030864023704049136,0.00873094126694518,0.02213308243710395,0.017725073652182118,1.2117576280832535e-05,4.817802581497188,True,0.017725073652182118,0.013138950051867018
2008-10-31,0.04578064200689487,0.012758707084107502,0.03302193492278736,0.052774390504248446,9.286404498935909e-05,-1.7288965752691405,False,0.04578064200689487,0.0
2008-11-30,0.06152145135533732,0.025045980559563513,0.0364754707957738,0.0769308272770445,0.000259626920911982,-2.8346494561874183,True,0.0769308272770445,0.0
2008-12-31,0.11318606440027702,0.03813816653779596,0.07504789786248107,0.1046217096022048,0.0002959023710682897,0.8563327890789882,False,0.11318606440027702,0.0
2009-01-31,0.10101684120563438,0.06302981515602535,0.037987026049609025,0.07246704050039694,0.0002364723078599874,3.1985281637658765,True,0.07246704050039694,0.028549800705237438
2009-02-28,0.04679469797450758,0.0321174955998854,0.01467720237462218,0.03975754719326566,8.895855344620927e-05,1.7019276348149728,False,0.04679469797450758,0.0
2009-03-31,0.05349786220060131,0.028232143731817795,0.025265718468783505,0.054566255315215376,0.00014386433109748778,-0.22601410065417324,False,0.05349786220060131,0.0
2009-04-30,0.01948783709767696,0.011312116735147468,0.008175720362529493,0.016362262293302194,1.4620311143534191e-05,1.8151275096319366,False,0.01948783709767696,0.0
2009-05-31,0.012473199805803978,0.01037181050501422,0.002101389300789757,0.010484675992666332,3.992555459929433e-06,1.804237890220722,False,0.012473199805803978,0.0
2009-06-30,0.008068732468327516,0.005548330837058717,0.0025204016312688005,0.006785976399342062,1.1343546474258075e-06,1.7992008362168135,False,0.008068732468327516,0.0
2009-07-31,0.01947543265812534,0.006953056048230941,0.0125223766098944,0.014418269901057892,6.483491920578496e-06,2.938736848619859,True,0.014418269901057892,0.005057162757067447
2009-08-31,0.014065897502031896,0.009943112323597226,0.004122785178434669,0.007763957524982114,4.348086967304609e-06,5.07046391369293,True,0.007763957524982114,0.006301939977049782
2009-09-30,0.0133016561129287,0.004914875570849353,0.008386780542079347,0.010589635271756884,5.054837888394465e-06,2.3074281626575956,True,0.010589635271756884,0.0027120208411718152
2009-10-31,0.010284730282344817,0.00807909523725219,0.002205635045092626,0.008606278043282385,2.2275658997760043e-06,1.8469577597588525,False,0.010284730282344817,0.0
2009-11-30,0.007040052429453756,0.002528074956023425,0.004511977473430332,0.005708856632998933,1.2428855507888427e-06,2.1399662610821495,True,0.005708856632998933,0.0013311957964548234
2009-12-31,0.0054800076375685035,0.0030012953519850385,0.002478712285583466,0.004934755087647258,1.0302682105021097e-06,1.1260493485987504,False,0.0054800076375685035,0.0
2010-01-31,0.0043227282024153315,0.0016677382940683853,0.0026549899083469467,0.004720623033632556,1.3006667748041562e-06,-1.0417205947576667,False,0.0043227282024153315,0.0
2010-02-28,0.009848566102247373,0.0055133664702282726,0.004335199632019102,0.007384212061479816,1.2944904269287234e-06,2.83185478126247,True,0.007384212061479816,0.002464354040767557
2010-03-31,0.003882169177214495,0.0026493593116464534,0.0012328098655680416,0.0034705609412521593,5.214319796447931e-07,1.1999149963323335,False,0.003882169177214495,0.0
2010-04-30,0.005015995146802502,0.002986443958009174,0.0020295511887933274,0.0048853673538029226,1.2186377625047571e-06,0.29472662026683966,False,0.005015995146802502,0.0
2010-05-31,0.015738006157395238,0.0066117747959652685,0.009126231361429973,0.01560111888696507,1.1510568927156244e-05,0.09843606285782305,False,0.015738006157395238,0.0
2010-06-30,0.010533515229771709,0.004256052722490648,0.00627746250728106,0.008960905577691114,3.18126165348643e-06,1.689617859941506,False,0.010533515229771709,0.0
2010-07-31,0.007056693751042176,0.004295037616095704,0.002761656134946472,0.004979144546571418,8.10207146041256e-07,3.3318921123424747,True,0.004979144546571418,0.0020775492044707577
2010-08-31,0.00618891101077939,0.002663914858648831,0.003524996152130558,0.006358479947210921,1.0845736873248716e-06,-0.31007941804330585,False,0.00618891101077939,0.0
2010-09-30,0.006613467371386031,0.004392678759859093,0.002220788611526937,0.006403431934427013,1.4751028606720623e-06,0.35942165663045095,False,0.006613467371386031,0.0
2010-10-31,0.00587346804991134,0.0033556425950314935,0.002517825454879847,0.006425799810240664,2.094531210366856e-06,-1.064256443792507,False,0.00587346804991134,0.0
2010-11-30,0.006361832962619123,0.003931885954534559,0.0024299470080845643,0.005302465316417207,1.5336208664707455e-06,1.8845398498677415,False,0.006361832962619123,0.0
2010-12-31,0.003202993380134934,0.002128351208037709,0.0010746421720972247,0.0033641325264482016,7.767053876340603e-07,-0.5693586192429179,False,0.003202993380134934,0.0
2011-01-31,0.006461553362239986,0.0038257811640871695,0.0026357721981528173,0.005181014135962558,1.3934833854641415e-06,2.2428324630671956,True,0.005181014135962558,0.001280539226277428
2011-02-28,0.008805124005465287,0.007049654879577864,0.001755469125887423,0.00934933033217506,5.2308271819626176e-06,-0.6994698380040604,False,0.008805124005465287,0.0
2011-03-31,0.00949644848990466,0.006435085952077837,0.0030613625378268228,0.005086476019754628,1.206324227686228e-06,5.255518190468303,True,0.005086476019754628,0.004409972470150032
2011-04-30,0.005029087071943205,0.002727166622716176,0.002301920449227028,0.005717420714070952,3.059792353230403e-06,-1.548997523326707,False,0.005029087071943205,0.0
2011-05-31,0.016051268727015258,0.003900169285996321,0.012151099441018937,0.010162318140994137,6.342861657657458e-06,4.152115508187866,True,0.010162318140994137,0.005888950586021121
2011-06-30,0.005819277260686253,0.0017059855466535214,0.004113291714032731,0.0062123533240846796,1.392035795373908e-06,-0.7644488478661349,False,0.005819277260686253,0.0
2011-07-31,0.003784779933628461,0.0020501047143945067,0.0017346752192339543,0.003546135951682387,6.690658026827628e-07,0.7135932554467015,False,0.003784779933628461,0.0
2011-08-31,0.01703152727177064,0.004515666611220168,0.01251586066055047,0.009118325788239491,4.565664111431955e-06,5.25822918875584,True,0.009118325788239491,0.007913201483531147
2011-09-30,0.011519806812888793,0.004633122452132227,0.006886684360756563,0.011553636986983083,5.418262223662375e-06,-0.033235324149962976,False,0.011519806812888793,0.0
2011-10-31,0.013706154754780266,0.008849448815738854,0.004856705939041412,0.011768167362021712,5.408643457969247e-06,1.600207120592093,False,0.013706154754780266,0.0
2011-11-30,0.004466721321351231,0.0026004951859446065,0.0018662261354066242,0.005072656837488992,9.797246601373028e-07,-1.535247621970656,False,0.004466721321351231,0.0
2011-12-31,0.007707076963556298,0.0028894052704634826,0.004817671693092815,0.008007558822458285,3.1706173004455718e-06,-0.4412344808306443,False,0.007707076963556298,0.0
2012-01-31,0.0033772398249186813,0.0018270280538498368,0.0015502117710688443,0.002027437509545874,1.6584245503040226e-07,4.523234972975123,True,0.002027437509545874,0.0013498023153728075
2012-02-29,0.0029597676213738685,0.002117059622379347,0.0008427079989945221,0.0025004824633242557,2.1469849916610037e-07,1.756166460128057,False,0.0029597676213738685,0.0
2012-03-31,0.00314998835193552,0.001028261944232204,0.002121726407703316,0.002468413309089913,2.1280622618226008e-07,2.4487565680689296,True,0.002468413309089913,0.0006815750428456071
2012-04-30,0.001707125687996515,0.0008360852359507029,0.0008710404520458122,0.0014585477178100544,6.348102587067369e-08,1.647927200133132,False,0.001707125687996515,0.0
2012-05-31,0.0058662850077125465,0.00048682593607994893,0.005379459071632597,0.004370611720215229,3.976052454374823e-07,2.8854560289660545,True,0.004370611720215229,0.001495673287497317
2012-06-30,0.011888887523681092,0.0030240594731023147,0.008864828050578779,0.013884401322770917,7.602918518818328e-06,-1.8995660502682978,False,0.011888887523681092,0.0
2012-07-31,0.014867604082842042,0.011329381097992827,0.0035382229848492123,0.008689770904890388,5.952490698216446e-06,4.70257868886339,True,0.008689770904890388,0.006177833177951654
2012-08-31,0.004036714935900192,0.002959362158524032,0.0010773527773761601,0.0036602118355441794,7.714103593692121e-07,1.05555619132595,False,0.004036714935900192,0.0
2012-09-30,0.004200075975910837,0.0016024659819402988,0.0025976099939705385,0.003724946195181769,7.689738510684863e-07,1.2802535482586739,False,0.004200075975910837,0.0
2012-10-31,0.006464020569393248,0.0025662008496165245,0.0038978197197767216,0.007109150484143801,2.66466147557337e-06,-1.1294976536502515,False,0.006464020569393248,0.0
2012-11-30,0.005297081954591058,0.0022651767264648915,0.003031905228126165,0.005835291201683727,1.5542474720376495e-06,-1.1498874793549436,False,0.005297081954591058,0.0
2012-12-31,0.002191311626129142,0.0014242410312804692,0.000767070594848673,0.001546531263881621,1.1206351056728614e-07,3.330033029739269,True,0.001546531263881621,0.000644780362247521
2013-01-31,0.0011682636725495257,0.0009330793336896192,0.0002351843388599066,0.0012803402660576354,5.58024007367009e-08,-1.0857127355059903,False,0.0011682636725495257,0.0
2013-02-28,0.0021622397647622434,0.00043847990995148436,0.0017237598548107591,0.002241688635078496,3.4023332178260243e-07,-0.4158385602806028,False,0.0021622397647622434,0.0
2013-03-31,0.0017877426517414173,0.0010679013573951384,0.000719841294346279,0.0022253130956693635,2.4992908409907525e-07,-2.7700260933777012,True,0.0022253130956693635,0.0
2013-04-30,0.00639371657885898,0.002215616800515216,0.004178099778343764,0.007073171762503507,2.9058192858881163e-06,-1.2026750945672713,False,0.00639371657885898,0.0
2013-05-31,0.003983590404299407,0.0020005215669573755,0.001983068837342031,0.004782762992574209,1.1504813140285632e-06,-2.270423031764831,True,0.004782762992574209,0.0
2013-06-30,0.003260700981194102,0.001429532158380644,0.0018311688228134575,0.0029358718023123425,3.502771206212028e-07,1.1274179428181754,False,0.003260700981194102,0.0
2013-07-31,0.003522017022044748,0.002432449941079249,0.0010895670809654991,0.003801051478493056,7.908232287740473e-07,-0.8966176151030483,False,0.003522017022044748,0.0
2013-08-31,0.0035493317313233415,0.002588314630544677,0.0009610171007786645,0.003291302268382742,4.059688121239753e-07,0.8227418500040284,False,0.0035493317313233415,0.0
2013-09-30,0.0033257892921237345,0.001386083591010051,0.0019397057011136833,0.00402146871459272,6.754628539576701e-07,-2.367310961338626,True,0.00402146871459272,0.0
2013-10-31,0.0027063203303561694,0.0009826528610490945,0.0017236674693070749,0.003105835566831842,3.2334984797231226e-07,-1.6706867526110454,False,0.0027063203303561694,0.0
2013-11-30,0.0017374099076391805,0.0005329604207815533,0.001204449486857627,0.0013658491866858768,3.361183913576791e-08,2.4202954552970364,True,0.0013658491866858768,0.00037156072095330373
2013-12-31,0.0019866956480608954,0.0016480765444052534,0.0003386191036556425,0.001840412217798881,9.965038070354232e-08,0.8333063235520339,False,0.0019866956480608954,0.0
2014-01-31,0.003098095778244438,0.0011601909419172796,0.0019379048363271586,0.003225035085310566,3.2525501808403247e-07,-0.4637054129146065,False,0.003098095778244438,0.0
2014-02-28,0.0016660411541372115,0.0014324802179371027,0.0002335609362001087,0.000829900390983311,1.9553803478545432e-08,5.679819751300165,True,0.000829900390983311,0.0008361407631539005
2014-03-31,0.002902495188726052,0.0011896817333873699,0.0017128134553386814,0.0036500914052898263,6.17178840182713e-07,-2.914985967951269,True,0.0036500914052898263,0.0
2014-04-30,0.0016118416434402639,0.0006243243559996482,0.000987517287440616,0.0013572700947972476,5.964031950472383e-08,1.7874272503883968,False,0.0016118416434402639,0.0
2014-05-31,0.0009085735491119729,0.0005771866214714715,0.00033138692764050133,0.0008423040981452176,1.9782403568842645e-08,0.8254564501539925,False,0.0009085735491119729,0.0
2014-06-30,0.001182911828197438,0.0009099812080758384,0.0002729306201215996,0.0005230415401130173,3.588738077898815e-09,6.313164149542787,True,0.0005230415401130173,0.0006598702880844207
2014-07-31,0.0023324932049603743,0.0008847677817966759,0.001447725423163699,0.002295315682864078,2.3369987956643046e-07,0.1803852137524041,False,0.0023324932049603743,0.0
2014-08-31,0.003127649734080961,0.000608696798290109,0.0025189529357908524,0.00204968632471493,2.4751847200180137e-07,3.9005584579025676,True,0.00204968632471493,0.001077963409366031
2014-09-30,0.003496508068526261,0.001761218602946812,0.0017352894655794484,0.0042974621444456405,6.665001080216802e-07,-2.5924713357320375,True,0.0042974621444456405,0.0
2014-10-31,0.007465784188174217,0.0015296072226385128,0.005936176965535703,0.006368673601629452,1.603406735598445e-06,1.6630903985309968,False,0.007465784188174217,0.0
2014-11-30,0.005378650603854614,0.0016299506842328594,0.003748699919621755,0.004740912298525445,7.886995267859656e-07,1.341868790411297,False,0.005378650603854614,0.0
2014-12-31,0.026370046579280607,0.005056773981744339,0.021313272597536268,0.024274087133112812,2.08758519697154e-05,0.89952421857416,False,0.026370046579280607,0.0
2015-01-31,0.022213595329640148,0.007009989798755273,0.015203605530884874,0.025411376273003373,3.7195197208679514e-05,-1.629186250897038,False,0.022213595329640148,0.0
2015-02-28,0.025990788320563642,0.014932236185235138,0.011058552135328508,0.030991365382944953,4.0136362756460426e-05,-2.1774167249001293,True,0.030991365382944953,0.0
2015-03-31,0.01549686344618709,0.006819852359389789,0.0086770110867973,0.019061377110467636,1.4482798354363736e-05,-2.6031390066522855,True,0.019061377110467636,0.0
2015-04-30,0.013868748947447836,0.010377734624611676,0.003491014322836157,0.012299001842509864,5.500875413884225e-06,1.280953268957611,False,0.013868748947447836,0.0
2015-05-31,0.007018834681809966,0.0035340200432183917,0.003484814638591575,0.005502998745720654,1.2733887039173692e-06,2.4441511933530515,True,0.005502998745720654,0.001515835936089312
2015-06-30,0.006284641347466005,0.003874126236294315,0.0024105151111716906,0.005561837295597844,1.322379443449783e-06,1.3016102569340955,False,0.006284641347466005,0.0
2015-07-31,0.011680617797191534,0.001896671789762469,0.009783946007429066,0.008600933000908447,2.7411920312988664e-06,2.983879890869041,True,0.008600933000908447,0.0030796847962830873
2015-08-31,0.0251710121118852,0.01448693050079654,0.010684081611088659,0.024876529558587282,1.9832008756215885e-05,0.13240359389864675,False,0.0251710121118852,0.0
2015-09-30,0.024499999462088008,0.011301823558184895,0.013198175903903106,0.025450906993195792,2.8885347043741365e-05,-0.43925133928833887,False,0.024499999462088008,0.0
2015-10-31,0.013161183375464862,0.008976855557618435,0.004184327817846427,0.009772422437325918,4.70729425493418e-06,2.91398206447081,True,0.009772422437325918,0.0033887609381389443
2015-11-30,0.009007648124519495,0.0035524172071876234,0.005455230917331873,0.010552342635728336,4.5739450822786664e-06,-1.9407610744182267,False,0.009007648124519495,0.0
2015-12-31,0.015927514266167668,0.004818488778961399,0.011109025487206272,0.016422864080488323,1.0031645189799845e-05,-0.3519693806663647,False,0.015927514266167668,0.0
2016-01-31,0.03210901045738512,0.01368509916184778,0.01842391129553735,0.035525803136098266,6.633761273951874e-05,-1.2042941824881301,False,0.03210901045738512,0.0
2016-02-29,0.0429602008081275,0.023055260560181253,0.019904940247946246,0.04319196363801575,9.867542248778827e-05,-0.06105459638090133,False,0.0429602008081275,0.0
2016-03-31,0.018095997420102188,0.013151799548633776,0.004944197871468413,0.019427648012530104,2.1457893199038517e-05,-0.8328152002243455,False,0.018095997420102188,0.0
2016-04-30,0.02079776933514261,0.014458002515710333,0.006339766819432273,0.021047190094152624,1.503576977670677e-05,-0.13572402217848928,False,0.02079776933514261,0.0
2016-05-31,0.006873312627611142,0.0042691585951896895,0.002604154032421453,0.007409535310131147,2.7333580497775175e-06,-0.8829171753127939,False,0.006873312627611142,0.0
2016-06-30,0.013080040804940705,0.006623382707700511,0.006456658097240197,0.016175737790012985,1.1280559059845683e-05,-2.678491222814447,True,0.016175737790012985,0.0
2016-07-31,0.013406052937572518,0.003125376294553779,0.010280676643018738,0.012766639028553553,8.863380522911854e-06,0.5397865157027755,False,0.013406052937572518,0.0
2016-08-31,0.010752992852860353,0.0070086848589243035,0.0037443079939360516,0.011244340765617273,5.888133473155916e-06,-0.5171310806487474,False,0.010752992852860353,0.0
2016-09-30,0.012334917155885493,0.006254593608597212,0.0060803235472882845,0.013866976472063171,6.2767272933765775e-06,-1.4056598014459936,False,0.012334917155885493,0.0
2016-10-31,0.004845262035562315,0.0024024569841762725,0.0024428050513860423,0.005058851783200739,1.0241520946867552e-06,-0.49888910051667384,False,0.004845262035562315,0.0
2016-11-30,0.013302469722028058,0.0060717764968114185,0.007230693225216639,0.011899998946535435,5.797547805419712e-06,1.1931702693171928,False,0.013302469722028058,0.0
2016-12-31,0.0124662916507643,0.010378843210117231,0.0020874484406470683,0.00962782347563853,3.0713176735407054e-06,2.5768410385887894,True,0.00962782347563853,0.00283846817512577
2017-01-31,0.005605995356476558,0.00228770585917365,0.0033182894973029075,0.005663006519215272,1.80680501397906e-06,-0.11509277116714693,False,0.005605995356476558,0.0
2017-02-28,0.00225918661245226,0.001004757505821689,0.0012544291066305712,0.0026605266808785964,4.565627329833029e-07,-2.01048712722593,True,0.0026605266808785964,0.0
2017-03-31,0.005412269608789583,0.0012538771810976764,0.0041583924276919065,0.004167328515515373,9.515678690298859e-07,2.6032163428301507,True,0.004167328515515373,0.0012449410932742098
2017-04-30,0.0027214696651572355,0.0011369256784928383,0.001584543986664397,0.0029124433482789103,4.203357885413971e-07,-0.7941653020734764,False,0.0027214696651572355,0.0
2017-05-31,0.008588900295574957,0.0033502661253933586,0.005238634170181599,0.0072153881539516644,1.2798480352851306e-06,1.8098218360247784,False,0.008588900295574957,0.0
2017-06-30,0.0056414794091986,0.0011621050829429944,0.004479374326255605,0.003960146376791823,4.5191897326403215e-07,3.372885670271803,True,0.003960146376791823,0.001681333032406777
2017-07-31,0.007707997819411002,0.005127236798632631,0.0025807610207783708,0.007138855515640482,2.6381415813560293e-06,0.8356418205053097,False,0.007707997819411002,0.0
2017-08-31,0.006723928124041621,0.0024714431506872,0.004252484973354421,0.00625915754241181,8.76738204622025e-07,0.7822695953147185,False,0.006723928124041621,0.0
2017-09-30,0.004110248333179322,0.0030424618185800906,0.0010677865145992315,0.002142835884639334,1.7545910562096842e-07,5.417117244789378,True,0.002142835884639334,0.001967412448539988
2017-10-31,0.0038779826850014526,0.0023708620371932533,0.0015071206478081995,0.003153475458992914,3.438570718965261e-07,2.114354176218497,True,0.003153475458992914,0.0007245072260085384
2017-11-30,0.004025680319483328,0.002613593811482111,0.0014120865080012165,0.003507770360291776,5.254409213584623e-07,1.4559815112129497,False,0.004025680319483328,0.0
2017-12-31,0.002658889785766198,0.0014900873195317287,0.001168802466234469,0.0022898790902626844,2.3102353583130114e-07,1.570650296264917,False,0.002658889785766198,0.0
2018-01-31,0.0030935144932238167,0.0022392911070859903,0.0008542233861378261,0.0022409252273823395,2.700760940651401e-07,3.1190948935778633,True,0.0022409252273823395,0.0008525892658414773
2018-02-28,0.005659776423644644,0.0022816334176570187,0.003378143005987625,0.005879940073391766,1.6031371804527234e-06,-0.44023769158400583,False,0.005659776423644644,0.0
2018-03-31,0.004911070946832412,0.0032219080136435666,0.0016891629331888464,0.005300707927164143,1.6179641718943943e-06,-0.8978935317178907,False,0.004911070946832412,0.0
2018-04-30,0.005701845051850081,0.003324235567012567,0.0023776094848375153,0.005290039676688097,1.7011096855182912e-06,0.817367719593301,False,0.005701845051850081,0.0
2018-05-31,0.0042855641252435486,0.001650469954521595,0.0026350941707219537,0.0038093378604577882,9.332100229944736e-07,1.257610712852397,False,0.0042855641252435486,0.0
2018-06-30,0.007715317951199383,0.0049316547487707465,0.0027836632024286372,0.007522476220020024,2.381974267417699e-06,0.28287077189331156,False,0.007715317951199383,0.0
2018-07-31,0.0053316663882790735,0.0010575100376733963,0.004274156350605676,0.002481143264825531,2.2009598330531176e-07,6.050656292180173,True,0.002481143264825531,0.0028505231234535423
2018-08-31,0.0048841085984168515,0.0020983475423859586,0.002785761056030893,0.0034339457510434517,3.9837298611354717e-07,3.3602558412637293,True,0.0034339457510434517,0.0014501628473733998
2018-09-30,0.003030708742341739,0.0021315131190289575,0.0008991956233127811,0.0025264811315192735,3.3328717016094626e-07,1.882882867694737,False,0.003030708742341739,0.0
2018-10-31,0.007661680725484575,0.0018429014830683421,0.0058187792424162325,0.0057603497052091095,9.83666303576989e-07,2.8085008890670196,True,0.0057603497052091095,0.0019013310202754654
2018-11-30,0.020293093529842363,0.0016847606039530646,0.018608332925889294,0.01613928676155916,1.5932157607012503e-05,2.316535259061434,True,0.01613928676155916,0.004153806768283204
2018-12-31,0.02252958618185712,0.00969310059804831,0.012836485583808812,0.02756722958666413,3.36857548480704e-05,-2.5305509723809725,True,0.02756722958666413,0.0
2019-01-31,0.008435698853136364,0.006792685964314168,0.0016430128888221967,0.008267638229107269,1.8950543396150392e-06,0.22546845379378255,False,0.008435698853136364,0.0
2019-02-28,0.004524522197503679,0.0023830162152929167,0.002141505982210762,0.003749961513278621,6.59530282258946e-07,1.9374192382948305,False,0.004524522197503679,0.0
2019-03-31,0.0024133267970061763,0.001343491610220337,0.0010698351867858402,0.0020334279156036163,1.323965836209116e-07,1.7815284482653353,False,0.0024133267970061763,0.0
2019-04-30,0.004231890422219962,0.0026103022752985137,0.0016215881469214492,0.003951392249471602,3.8098487337107996e-07,0.7501299486017116,False,0.004231890422219962,0.0
2019-05-31,0.007870883953939808,0.0008926168898284952,0.0069782670641113115,0.0049840803567108155,1.1634648211198314e-06,4.150826786053449,True,0.0049840803567108155,0.0028868035972289922
2019-06-30,0.012009045240993938,0.006442611546162857,0.005566433694831081,0.007910407227413045,1.9318285484645727e-06,3.8625308837438705,True,0.007910407227413045,0.004098638013580893
2019-07-31,0.007382044589352096,0.0028326739095684375,0.004549370679783658,0.005886965656551231,8.941076639082611e-07,2.2920724438971565,True,0.005886965656551231,0.0014950789328008647
2019-08-31,0.011697388361029258,0.004261009160367827,0.007436379200661432,0.008708220862980912,2.145376380616262e-06,2.8920262100527783,True,0.008708220862980912,0.0029891674980483465
2019-09-30,0.01674003732403265,0.010160010645823581,0.006580026678209072,0.01519846489003279,2.2504570968561957e-05,1.042193585854009,False,0.01674003732403265,0.0
2019-10-31,0.0061401120365777075,0.002384822509340363,0.003755289527237345,0.004336916654418681,9.401569571256626e-07,3.323589460163069,True,0.004336916654418681,0.0018031953821590263
2019-11-30,0.005622228496941788,0.0038858483542685983,0.0017363801426731884,0.006337545333424948,2.233011785223583e-06,-1.4398950452577222,False,0.005622228496941788,0.0
2019-12-31,0.004278521571970484,0.0019112821588338855,0.0023672394131366,0.00204239659997908,1.735216826428414e-07,5.9148430863723025,True,0.00204239659997908,0.0022361249719914044
2020-01-31,0.00879300598979016,0.002460048239937123,0.006332957749853036,0.0067984908957120765,2.2089279156353898e-06,2.5670884960243074,True,0.0067984908957120765,0.0019945150940780844
2020-02-29,0.010349582733318815,0.003296660824874113,0.007052921908444702,0.008248755016725591,3.7754864052390634e-06,2.2972511632222634,True,0.008248755016725591,0.0021008277165932236
2020-03-31,0.2442167018772642,0.05176704174184822,0.192449660135416,0.28211437471541156,0.00411570808138984,-1.756216538525183,False,0.2442167018772642,0.0
2020-04-30,0.48631166070345677,0.13288687671811822,0.35342478398533855,0.366455910561041,0.010350230275364605,2.789234789495721,True,0.366455910561041,0.11985575014241578
2020-05-31,0.12048959647269784,0.11184005077978898,0.008649545692908878,0.08614082936789819,0.0003302208501260916,3.226283192314136,True,0.08614082936789819,0.03434876710479966
2020-06-30,0.023577613549769887,0.013360269729062858,0.01021734382070703,0.019277672694554694,1.207990050461352e-05,2.0639706586671815,True,0.019277672694554694,0.004299940855215192
2020-07-31,0.004367566697413399,0.0019330500731859217,0.002434516624227478,0.004674352486409713,1.2660747651656524e-06,-0.79494407106453,False,0.004367566697413399,0.0
2020-08-31,0.0025860007757015535,0.002097408214291403,0.0004885925614101504,0.0024935437585002734,2.893189978163022e-07,0.4046244384852277,False,0.0025860007757015535,0.0
2020-09-30,0.014375525846752968,0.004356819095366296,0.010018706751386672,0.014244584619374091,1.0735907464125743e-05,0.103084542972152,False,0.014375525846752968,0.0
2020-10-31,0.015467046523698541,0.006563247512794832,0.008903799010903709,0.01742069919871804,1.2626032126722031e-05,-1.4294890950979375,False,0.015467046523698541,0.0
2020-11-30,0.01666655864247471,0.014324701272732394,0.002341857369742316,0.01974721365365312,1.684378110564334e-05,-2.0918860017655203,True,0.01974721365365312,0.0
2020-12-31,0.004874917369077849,0.002865500947726705,0.0020094164213511436,0.0058659573417110126,1.9756480379221384e-06,-2.300725442563845,True,0.0058659573417110126,0.0
2021-01-31,0.007429968564622914,0.0052163127691094,0.0022136557955135124,0.007271999837920548,1.8676651653785836e-06,0.24061628844519192,False,0.007429968564622914,0.0
2021-02-28,0.010830388212415736,0.008513554859575227,0.0023168333528405093,0.011423724097045425,8.261836795135169e-06,-0.6200082567898629,False,0.010830388212415736,0.0
2021-03-31,0.026669923820152985,0.011484857757149919,0.01518506606300307,0.029781129218257377,3.5707938874308426e-05,-1.3202245084696196,False,0.026669923820152985,0.0
2021-04-30,0.007080637318567728,0.003985710956244522,0.003094926362323208,0.006965462611837189,1.8267937316230256e-06,0.18408807127410823,False,0.007080637318567728,0.0
2021-05-31,0.007724025979484871,0.004228079751760915,0.003495946227723956,0.00927802792273418,4.129036563010994e-06,-2.2769249388127357,True,0.00927802792273418,0.0
2021-06-30,0.0023263759005233827,0.0017839051986420368,0.000542470701881346,0.002497720696857116,1.8675685215604806e-07,-0.8335504908368468,False,0.0023263759005233827,0.0
2021-07-31,0.0125348799640528,0.004994485902077413,0.007540394061975385,0.006837728522274705,1.5784355853200976e-06,5.143733586953779,True,0.006837728522274705,0.005697151441778095
2021-08-31,0.011304356750189568,0.005869819238248033,0.0054345375119415375,0.013373982728453577,7.760496301604436e-06,-2.071986371254595,True,0.013373982728453577,0.0
2021-09-30,0.004750233341387246,0.003309311841702406,0.0014409214996848416,0.005121413476143883,1.1152914664308921e-06,-0.8843224769582305,False,0.004750233341387246,0.0
2021-10-31,0.004106898245546422,0.002646699759120951,0.0014601984864254707,0.004996867608181135,1.318007344314674e-06,-2.452460355851911,True,0.004996867608181135,0.0
2021-11-30,0.023149783189942583,0.002507666014293443,0.020642117175649143,0.009183255654869424,1.9976701439524777e-06,6.827825231007444,True,0.009183255654869424,0.013966527535073159
2021-12-31,0.011364855378417528,0.006878832809236394,0.004486022569181136,0.010925541342709776,4.2977793533342076e-06,0.4374737989039993,False,0.011364855378417528,0.0
2022-01-31,0.006060804407460938,0.005244315494781077,0.000816488912679861,0.005740334248291347,1.6509365544702642e-06,0.5984091278673574,False,0.006060804407460938,0.0
2022-02-28,0.00496383873229197,0.003539436424857983,0.001424402307433987,0.0035435876527899887,7.735835353311485e-07,3.238085759935002,True,0.0035435876527899887,0.0014202510795019814
2022-03-31,0.07286680934135661,0.037611686800344,0.03525512254101264,0.058063002196071044,9.698154897979455e-05,2.2992412778990574,True,0.058063002196071044,0.01480380714528557
2022-04-30,0.02096284535338181,0.009376062203521456,0.01158678314986036,0.019074368823360076,1.8665971739011457e-05,1.01953524430277,False,0.02096284535338181,0.0
2022-05-31,0.018014864459710383,0.009759620074380547,0.008255244385329836,0.014632688354972969,2.0239933741455907e-05,2.1247414982120683,True,0.014632688354972969,0.003382176104737414
2022-06-30,0.013720495199060361,0.0038506985039652736,0.009869796695095086,0.009251012960889394,4.5302348358386995e-06,3.686619464476282,True,0.009251012960889394,0.004469482238170968
2022-07-31,0.021278615440810292,0.005671804307166631,0.015606811133643664,0.01705317210278369,1.664416629186165e-05,2.2473452621022676,True,0.01705317210278369,0.004225443338026602
2022-08-31,0.016204630364115867,0.006325000430027879,0.009879629934087988,0.013746707612813712,3.874671354146956e-06,1.7166034567949944,False,0.016204630364115867,0.0
2022-09-30,0.017021201767293916,0.005061936193907376,0.011959265573386542,0.013375223841721379,7.428577026246867e-06,2.424179069991276,True,0.013375223841721379,0.003645977925572537
2022-10-31,0.01188135829390817,0.00750549323562556,0.004375865058282613,0.011768816472864832,6.391277812441161e-06,0.10719850476686349,False,0.01188135829390817,0.0
2022-11-30,0.014015418024295881,0.004611524152856709,0.009403893871439173,0.014331724179562445,5.261404177452912e-06,-0.2554126893143443,False,0.014015418024295881,0.0
2022-12-31,0.00908209779342925,0.004157540116557788,0.004924557676871462,0.010066445000725758,5.564240401731914e-06,-1.2266001733403797,False,0.00908209779342925,0.0
2023-01-31,0.01027635592831109,0.0037994333185245826,0.006476922609786504,0.009801311639270099,5.24484184949484e-06,0.5231615835297079,False,0.01027635592831109,0.0
2023-02-28,0.0075910160662037785,0.0036944466743791616,0.003896569391824618,0.007799664905424946,2.9574506707167623e-06,-0.31106915146064035,False,0.0075910160662037785,0.0
2023-03-31,0.012599389282028509,0.005007007020127734,0.007592382261900773,0.011252424124242991,5.416250056706871e-06,1.2098951883536706,False,0.012599389282028509,0.0
2023-04-30,0.008481807327191273,0.005114748329778571,0.003367058997412701,0.006533169434604454,1.0978044083942564e-06,2.6000615134702674,True,0.006533169434604454,0.0019486378925868192
2023-05-31,0.014680286477328337,0.004557064565843218,0.010123221911485118,0.01394790100672853,6.92938410965415e-06,0.5646067572388308,False,0.014680286477328337,0.0
2023-06-30,0.014965875096084977,0.008032315152749442,0.006933559943335537,0.017202137733917152,1.4808851272714442e-05,-1.6910699558840332,False,0.014965875096084977,0.0
2023-07-31,0.005186909715169293,0.004050195513620072,0.0011367142015492196,0.0035227601302134015,5.400892438518097e-07,3.630985834391325,True,0.0035227601302134015,0.0016641495849558912
2023-08-31,0.004488037641143907,0.002034789595407048,0.00245324804573686,0.004620310808703235,8.142319723085404e-07,-0.33354631370022825,False,0.004488037641143907,0.0
2023-09-30,0.005161150445027097,0.003938225297582709,0.0012229251474443887,0.0044959247269787655,4.1233121973926787e-07,1.458691305739532,False,0.005161150445027097,0.0
2023-10-31,0.01281364207839782,0.0043576312200421475,0.008456010858355671,0.009179480836257518,4.762849952267683e-06,3.2097594475179485,True,0.009179480836257518,0.003634161242140301
2023-11-30,0.00998630111705574,0.0037941770370857517,0.0061921240799699875,0.008185381291957408,2.5331118712461362e-06,2.0409417224224047,True,0.008185381291957408,0.0018009198250983315
2023-12-31,0.008088133277836562,0.0024571111098953425,0.0056310221679412185,0.006973257381899493,1.9454478877261586e-06,1.559980282526362,False,0.008088133277836562,0.0
2024-01-31,0.00712707134496521,0.004245508686038351,0.002881562658926858,0.006700075150935817,1.3300362382996935e-06,0.6780376030444341,False,0.00712707134496521,0.0
2024-02-29,0.0050139250441258686,0.002238942099990249,0.002774982944135619,0.004430473997048354,7.666601341614811e-07,1.3169444870254123,False,0.0050139250441258686,0.0
2024-03-31,0.003298194670420561,0.0022404827514707713,0.0010577119189497896,0.0021767094206690206,1.2404059148929453e-07,3.848204672218873,True,0.0021767094206690206,0.0011214852497515404
2024-04-30,0.002907035973682364,0.0012877412723565102,0.0016192947013258536,0.002018473712438043,1.2502855745141296e-07,3.4592212502889272,True,0.002018473712438043,0.0008885622612443212
2024-05-31,0.004163542988103226,0.0015260056136555645,0.002637537374447662,0.002885308905266117,3.047229747290157e-07,3.4744672508622108,True,0.002885308905266117,0.0012782340828371092
2024-06-30,0.005354162692823304,0.0031349468216884135,0.002219215871134891,0.0029773722974790638,7.021112185891445e-07,5.023890932142794,True,0.0029773722974790638,0.00237679039534424
2024-07-31,0.005459600953530658,0.0016995077930185892,0.0037600931605120697,0.0033413436066926767,7.484903081109684e-07,4.390952131382343,True,0.0033413436066926767,0.0021182573468379816
2024-08-31,0.012249288431947794,0.006852051800038462,0.005397236631909333,0.01300113911168003,5.734151914329352e-06,-0.6946429267875215,False,0.012249288431947794,0.0
2024-09-30,0.009202602286747887,0.0022181997848338547,0.006984402501914033,0.009826352331901222,3.366864100382229e-06,-0.767080281469413,False,0.009202602286747887,0.0
2024-10-31,0.012667115930061581,0.006697025444029612,0.005970090486031966,0.008383754787863787,2.889277167559767e-06,3.8269063053088974,True,0.008383754787863787,0.004283361142197795
2024-11-30,0.005789873083562533,0.0025083267547610553,0.003281546328801478,0.005018618763673737,6.682786051487215e-07,1.5075420953347227,False,0.005789873083562533,0.0
2024-12-31,0.0036683166761467202,0.00248838978487073,0.0011799268912759903,0.003372343298853007,3.607754378426607e-07,0.9131175926715717,False,0.0036683166761467202,0.0
2025-01-31,0.006701730096995785,0.004067251546745082,0.0026344785502507026,0.008312677507317097,2.8753625945938536e-06,-2.720415946829794,True,0.008312677507317097,0.0
2025-02-28,0.005610550624882779,0.0016308230764036013,0.003979727548479178,0.0050589277827302204,1.1519937017694727e-06,1.1126988477942932,False,0.005610550624882779,0.0
2025-03-31,0.003049009587548057,0.0012894518333171272,0.0017595577542309305,0.0024225939734914713,3.444461816354036e-07,2.3251162243259555,True,0.0024225939734914713,0.0006264156140565859
